section,label,game,seed,run_id,state,score,runtime
baseline,DreamJEPA (deter target),Jamesbond-v5,1,7n3l5mfi,finished,172.000000,10.624545
baseline,DreamJEPA (deter target),Jamesbond-v5,42,fk717ez4,finished,298.000000,10.817086
baseline,DreamJEPA (deter target),Jamesbond-v5,44,s8i7azqe,finished,182.500000,11.197681
ground_head,"Ground from stoch, no SigReg/var",Jamesbond-v5,1,iwbr8wrb,finished,282.500000,10.650570
ground_head,"Ground from stoch, no SigReg/var",Jamesbond-v5,2,735uuo7o,finished,832.000000,10.763208
ground_head,"Ground from stoch, no SigReg/var",Jamesbond-v5,3,pw60vpcb,finished,304.000000,11.340839
ground_head,"Ground from stoch, no SigReg/var",Jamesbond-v5,4,zrhx1sut,finished,217.500000,11.105652
ground_head,"Ground from stoch, no SigReg/var",Jamesbond-v5,5,oz4e1lzj,finished,438.500000,11.114232
ground_head,"Ground from stoch, no SigReg/var",Jamesbond-v5,42,bwjnga9p,finished,360.000000,10.724962
ground_head,"Ground from stoch, variance kept",Jamesbond-v5,1,bvve5dal,finished,197.500000,11.103593
ground_head,"Ground from stoch, variance kept",Jamesbond-v5,2,uwse30v3,finished,493.500000,11.057688
ground_head,"Ground from stoch, variance kept",Jamesbond-v5,42,gj5rkkan,finished,317.500000,11.302268
ground_head,Ground loss only (jepa 20 → 0),Jamesbond-v5,42,p2vsxdpd,finished,195.000000,11.448859
ground_head,Linear ground head only,Jamesbond-v5,42,m11mxo24,finished,175.500000,11.364254
optimisation,act_entropy 3e-4 → 1e-3 ↑,Jamesbond-v5,1,7rx0u616,finished,185.000000,11.074021
optimisation,act_entropy 3e-4 → 1e-3 ↑,Jamesbond-v5,2,t5jakf8n,finished,485.500000,11.105359
optimisation,act_entropy 3e-4 → 1e-3 ↑,Jamesbond-v5,3,i9l89vxk,finished,280.000000,11.015025
optimisation,act_entropy 3e-4 → 1e-3 ↑,Jamesbond-v5,4,ke5pf5us,finished,192.500000,11.253591
optimisation,act_entropy 3e-4 → 1e-3 ↑,Jamesbond-v5,5,r73hfzxi,finished,147.500000,11.194532
optimisation,act_entropy 3e-4 → 1e-3 ↑,Jamesbond-v5,42,334i8jca,finished,247.500000,10.864638
optimisation,act_entropy 3e-4 → 3e-3 ↑,Jamesbond-v5,1,nw33czs1,finished,195.500000,11.297807
optimisation,act_entropy 3e-4 → 3e-3 ↑,Jamesbond-v5,2,xv18pudf,finished,131.000000,10.040254
optimisation,act_entropy 3e-4 → 3e-3 ↑,Jamesbond-v5,42,kp2svcsa,finished,163.000000,11.472354
optimisation,lr 4e-5 → 1e-4 ↑,Jamesbond-v5,1,vmla61ry,finished,128.000000,10.885965
optimisation,lr 4e-5 → 1e-4 ↑,Jamesbond-v5,42,cyevm8d6,finished,223.500000,10.882629
regularisation,− SigReg,Jamesbond-v5,1,nbyw3abj,finished,226.500000,11.245774
regularisation,− SigReg,Jamesbond-v5,2,bsgktm8f,finished,364.500000,11.345825
regularisation,− SigReg,Jamesbond-v5,42,aq37veri,finished,401.000000,11.401301
regularisation,− SigReg − variance (JEPA only),Jamesbond-v5,1,cppxxsfx,finished,271.500000,11.407980
regularisation,− SigReg − variance (JEPA only),Jamesbond-v5,2,l87jgvg5,finished,455.500000,11.383505
regularisation,− SigReg − variance (JEPA only),Jamesbond-v5,42,dabg25rv,finished,336.000000,11.469662
target_prediction,repval 0.3 → 1.0 ↑,Jamesbond-v5,1,l5bykc87,finished,282.500000,11.363379
target_prediction,repval 0.3 → 1.0 ↑,Jamesbond-v5,2,bp7bk9ug,finished,176.000000,11.476617
target_prediction,repval 0.3 → 1.0 ↑,Jamesbond-v5,42,7o84zl9g,finished,186.500000,11.506823
target_prediction,"std-MSE target, predict from prior ↑",Jamesbond-v5,1,942hyj40,finished,305.500000,10.841505
target_prediction,"std-MSE target, predict from prior ↑",Jamesbond-v5,2,tz4p941o,finished,356.500000,10.831687
target_prediction,"std-MSE target, predict from prior ↑",Jamesbond-v5,3,lxk52qab,finished,229.500000,10.981616
target_prediction,"std-MSE target, predict from prior ↑",Jamesbond-v5,42,9la3r2ev,finished,342.500000,11.346431
