method,_step,mean,std,count
baseline,0,0.001448,0.002652,5
baseline,1,0.014052,0.005918,5
baseline,2,0.024932,0.011116,5
baseline,3,0.040431,0.013525,5
baseline,4,0.050365,0.015811,5
baseline,5,0.062821,0.010802,5
baseline,6,0.078800,0.005213,5
baseline,7,0.089460,0.006847,5
baseline,8,0.101337,0.014154,5
baseline,9,0.111181,0.008408,5
baseline,10,0.116167,0.009681,5
baseline,11,0.131335,0.018007,5
baseline,12,0.137993,0.019690,5
baseline,13,0.150850,0.021208,5
baseline,14,0.159218,0.015776,5
baseline,15,0.166943,0.009956,5
baseline,16,0.175138,0.007310,5
baseline,17,0.190807,0.005812,5
baseline,18,0.203719,0.008372,5
baseline,19,0.218380,0.006175,5
baseline,20,0.223815,0.011756,5
baseline,21,0.231543,0.015968,5
baseline,22,0.243891,0.020611,5
baseline,23,0.247217,0.016739,5
baseline,24,0.255108,0.013143,5
baseline,25,0.260577,0.017075,5
baseline,26,0.266802,0.010207,5
baseline,27,0.270938,0.008851,5
baseline,28,0.277068,0.015337,5
baseline,29,0.291482,0.017362,5
baseline,30,0.302683,0.015531,5
baseline,31,0.309577,0.014051,5
baseline,32,0.317461,0.011459,5
baseline,33,0.324790,0.009773,5
baseline,34,0.331609,0.010304,5
baseline,35,0.336442,0.010199,5
baseline,36,0.342763,0.007800,5
baseline,37,0.353601,0.012500,5
baseline,38,0.353459,0.015665,5
baseline,39,0.354573,0.019672,5
baseline,40,0.355692,0.020651,5
baseline,41,0.364983,0.019145,5
baseline,42,0.374121,0.020234,5
baseline,43,0.385401,0.022454,5
baseline,44,0.394493,0.021307,5
baseline,45,0.405351,0.025084,5
baseline,46,0.407069,0.023252,5
baseline,47,0.408341,0.016872,5
baseline,48,0.416956,0.014032,5
baseline,49,0.424705,0.013990,5
baseline,50,0.428584,0.010697,5
baseline,51,0.430723,0.007946,5
baseline,52,0.434263,0.008452,5
baseline,53,0.435279,0.016825,5
baseline,54,0.432458,0.014825,5
baseline,55,0.434001,0.010883,5
baseline,56,0.441778,0.015447,5
baseline,57,0.444722,0.017397,5
baseline,58,0.447549,0.018552,5
baseline,59,0.451020,0.018553,5
baseline,60,0.453371,0.017671,5
baseline,61,0.451382,0.021173,5
baseline,62,0.455090,0.012166,5
baseline,63,0.463406,0.018760,5
baseline,64,0.464917,0.020265,5
baseline,65,0.464750,0.013413,5
baseline,66,0.474123,0.014718,5
baseline,67,0.476108,0.010659,5
baseline,68,0.479895,0.012563,5
baseline,69,0.485289,0.010671,5
baseline,70,0.493133,0.012068,5
baseline,71,0.494156,0.010832,5
baseline,72,0.493266,0.005333,5
baseline,73,0.500128,0.002845,5
baseline,74,0.504892,0.004056,5
baseline,75,0.499940,0.015338,5
baseline,76,0.504470,0.015270,5
baseline,77,0.506635,0.010015,5
baseline,78,0.508165,0.014610,5
baseline,79,0.509628,0.012129,5
baseline,80,0.511793,0.017325,5
baseline,81,0.517275,0.010520,5
baseline,82,0.515840,0.007200,5
baseline,83,0.520596,0.006805,5
baseline,84,0.525376,0.011447,5
baseline,85,0.524138,0.004125,5
baseline,86,0.527418,0.004819,5
baseline,87,0.528560,0.013189,5
baseline,88,0.529058,0.020723,5
baseline,89,0.530850,0.019458,5
baseline,90,0.532223,0.019295,5
baseline,91,0.533645,0.018783,5
baseline,92,0.534580,0.014918,5
baseline,93,0.536773,0.012753,5
baseline,94,0.537886,0.005915,5
baseline,95,0.536957,0.011525,5
baseline,96,0.536634,0.016088,5
baseline,97,0.540376,0.015868,5
baseline,98,0.545179,0.017078,5
baseline,99,0.547855,0.015816,5
baseline,100,0.554986,0.014826,5
baseline,101,0.559512,0.016071,5
baseline,102,0.557599,0.013234,5
baseline,103,0.561094,0.009093,5
baseline,104,0.564585,0.013616,5
baseline,105,0.571771,0.015699,5
baseline,106,0.572566,0.022282,5
baseline,107,0.573895,0.021932,5
baseline,108,0.571319,0.015847,5
baseline,109,0.568583,0.015538,5
baseline,110,0.567872,0.010046,5
baseline,111,0.572104,0.012225,5
baseline,112,0.570895,0.007092,5
baseline,113,0.575298,0.008910,5
baseline,114,0.575245,0.007539,5
baseline,115,0.573641,0.013543,5
baseline,116,0.576104,0.019656,5
baseline,117,0.576757,0.018998,5
baseline,118,0.576435,0.020465,5
baseline,119,0.579701,0.015375,5
baseline,120,0.587992,0.011845,5
baseline,121,0.588833,0.008153,5
baseline,122,0.584245,0.015186,5
baseline,123,0.584572,0.016398,5
baseline,124,0.587473,0.028960,5
baseline,125,0.584162,0.030677,5
baseline,126,0.586916,0.035518,5
baseline,127,0.592305,0.033523,5
baseline,128,0.591490,0.026210,5
baseline,129,0.584863,0.021841,5
baseline,130,0.591188,0.021801,5
baseline,131,0.593175,0.016258,5
baseline,132,0.594397,0.013236,5
baseline,133,0.591093,0.015178,5
baseline,134,0.591674,0.014379,5
baseline,135,0.592129,0.016801,5
baseline,136,0.586983,0.019988,5
baseline,137,0.590365,0.015843,5
baseline,138,0.593974,0.016470,5
baseline,139,0.592282,0.015995,5
baseline,140,0.592269,0.010927,5
baseline,141,0.589321,0.007692,5
baseline,142,0.587378,0.008605,5
baseline,143,0.592307,0.007326,5
baseline,144,0.593084,0.004852,5
baseline,145,0.599465,0.004619,5
baseline,146,0.596093,0.005882,5
baseline,147,0.592067,0.004096,5
baseline,148,0.590131,0.006323,5
baseline,149,0.587408,0.008602,5
baseline,150,0.588129,0.006812,5
baseline,151,0.594762,0.007604,5
baseline,152,0.591128,0.007624,5
baseline,153,0.591820,0.008063,5
baseline,154,0.586875,0.010805,5
baseline,155,0.583267,0.014867,5
baseline,156,0.584762,0.010587,5
baseline,157,0.585054,0.008804,5
baseline,158,0.589531,0.010655,5
baseline,159,0.589482,0.011758,5
baseline,160,0.596005,0.008857,5
baseline,161,0.600505,0.012040,5
baseline,162,0.597046,0.011183,5
baseline,163,0.601095,0.017245,5
baseline,164,0.608436,0.012090,5
baseline,165,0.609796,0.006956,5
baseline,166,0.612747,0.009702,5
baseline,167,0.614448,0.013301,5
baseline,168,0.620348,0.009785,5
baseline,169,0.615119,0.010171,5
baseline,170,0.615419,0.010536,5
baseline,171,0.620828,0.013113,5
baseline,172,0.618015,0.017844,5
baseline,173,0.616860,0.019497,5
baseline,174,0.611045,0.017379,5
baseline,175,0.616608,0.017718,5
baseline,176,0.618673,0.018456,5
baseline,177,0.615039,0.022808,5
baseline,178,0.613878,0.022474,5
baseline,179,0.614307,0.021381,5
baseline,180,0.610237,0.022646,5
baseline,181,0.617060,0.017510,5
baseline,182,0.615456,0.017630,5
baseline,183,0.622132,0.012045,5
baseline,184,0.615523,0.007924,5
baseline,185,0.612663,0.011736,5
baseline,186,0.608308,0.005124,5
baseline,187,0.611420,0.011876,5
baseline,188,0.610053,0.009251,5
baseline,189,0.607792,0.012159,5
baseline,190,0.602988,0.006292,5
baseline,191,0.603389,0.012306,5
baseline,192,0.603400,0.009707,5
baseline,193,0.605639,0.006962,5
baseline,194,0.608808,0.013551,5
baseline,195,0.611505,0.006102,5
baseline,196,0.609308,0.008209,5
baseline,197,0.608377,0.009683,5
baseline,198,0.613865,0.005223,5
baseline,199,0.615487,0.006369,5
pretrained,0,0.001158,0.002121,5
pretrained,1,0.028535,0.004734,5
pretrained,2,0.053848,0.008893,5
pretrained,3,0.082196,0.010820,5
pretrained,4,0.105457,0.012649,5
pretrained,5,0.130123,0.008642,5
pretrained,6,0.157018,0.004171,5
pretrained,7,0.179089,0.005478,5
pretrained,8,0.201587,0.011323,5
pretrained,9,0.221932,0.006727,5
pretrained,10,0.237883,0.007745,5
pretrained,11,0.261490,0.014405,5
pretrained,12,0.277819,0.015752,5
pretrained,13,0.298655,0.016966,5
pretrained,14,0.315463,0.012620,5
pretrained,15,0.331338,0.007964,5
pretrained,16,0.347184,0.005848,5
pretrained,17,0.368620,0.004650,5
pretrained,18,0.387476,0.006697,5
pretrained,19,0.407371,0.004940,5
pretrained,20,0.419539,0.009405,5
pretrained,21,0.433207,0.012775,5
pretrained,22,0.450251,0.016489,5
pretrained,23,0.459768,0.013391,5
pretrained,24,0.472640,0.010515,5
pretrained,25,0.483289,0.013660,5
pretrained,26,0.494268,0.008165,5
pretrained,27,0.503311,0.007081,5
pretrained,28,0.513695,0.012270,5
pretrained,29,0.530463,0.013889,5
pretrained,30,0.544425,0.012425,5
pretrained,31,0.554716,0.011241,5
pretrained,32,0.565581,0.009167,5
pretrained,33,0.575794,0.007819,5
pretrained,34,0.585399,0.008243,5
pretrained,35,0.593222,0.008159,5
pretrained,36,0.602051,0.006240,5
pretrained,37,0.614315,0.010000,5
pretrained,38,0.617625,0.012532,5
pretrained,39,0.621775,0.015738,5
pretrained,40,0.625771,0.016520,5
pretrained,41,0.636155,0.015316,5
pretrained,42,0.646271,0.016187,5
pretrained,43,0.657961,0.017963,5
pretrained,44,0.667767,0.017046,5
pretrained,45,0.678857,0.020067,5
pretrained,46,0.682513,0.018602,5
pretrained,47,0.685693,0.013497,5
pretrained,48,0.694634,0.011226,5
pretrained,49,0.702774,0.011192,5
pretrained,50,0.707714,0.008558,5
pretrained,51,0.711162,0.006357,5
pretrained,52,0.715635,0.006762,5
pretrained,53,0.717997,0.013460,5
pretrained,54,0.717202,0.011860,5
pretrained,55,0.719814,0.008706,5
pretrained,56,0.727331,0.012358,5
pretrained,57,0.730906,0.013918,5
pretrained,58,0.734313,0.014842,5
pretrained,59,0.738165,0.014842,5
pretrained,60,0.741052,0.014137,5
pretrained,61,0.740404,0.016939,5
pretrained,62,0.744251,0.009733,5
pretrained,63,0.751724,0.015008,5
pretrained,64,0.753698,0.016212,5
pretrained,65,0.754275,0.010730,5
pretrained,66,0.762431,0.011775,5
pretrained,67,0.764629,0.008527,5
pretrained,68,0.768220,0.010050,5
pretrained,69,0.773053,0.008537,5
pretrained,70,0.779802,0.009654,5
pretrained,71,0.781054,0.008666,5
pretrained,72,0.780736,0.004266,5
pretrained,73,0.786583,0.002276,5
pretrained,74,0.790716,0.003245,5
pretrained,75,0.787041,0.012271,5
pretrained,76,0.790921,0.012216,5
pretrained,77,0.792878,0.008012,5
pretrained,78,0.794297,0.011688,5
pretrained,79,0.795635,0.009703,5
pretrained,80,0.797509,0.013860,5
pretrained,81,0.802012,0.008416,5
pretrained,82,0.800956,0.005760,5
pretrained,83,0.804832,0.005444,5
pretrained,84,0.808705,0.009158,5
pretrained,85,0.807743,0.003300,5
pretrained,86,0.810377,0.003855,5
pretrained,87,0.811282,0.010551,5
pretrained,88,0.811655,0.016578,5
pretrained,89,0.813047,0.015566,5
pretrained,90,0.814088,0.015436,5
pretrained,91,0.815154,0.015027,5
pretrained,92,0.815817,0.011934,5
pretrained,93,0.817473,0.010202,5
pretrained,94,0.818253,0.004732,5
pretrained,95,0.817389,0.009220,5
pretrained,96,0.816999,0.012870,5
pretrained,97,0.819850,0.012695,5
pretrained,98,0.823542,0.013663,5
pretrained,99,0.825523,0.012653,5
pretrained,100,0.831060,0.011861,5
pretrained,101,0.834505,0.012857,5
pretrained,102,0.832793,0.010587,5
pretrained,103,0.835399,0.007274,5
pretrained,104,0.837997,0.010893,5
pretrained,105,0.843546,0.012559,5
pretrained,106,0.843975,0.017826,5
pretrained,107,0.844829,0.017545,5
pretrained,108,0.842553,0.012677,5
pretrained,109,0.840146,0.012430,5
pretrained,110,0.839354,0.008037,5
pretrained,111,0.842515,0.009780,5
pretrained,112,0.841320,0.005674,5
pretrained,113,0.844612,0.007128,5
pretrained,114,0.844337,0.006032,5
pretrained,115,0.842818,0.010835,5
pretrained,116,0.844552,0.015725,5
pretrained,117,0.844837,0.015199,5
pretrained,118,0.844340,0.016372,5
pretrained,119,0.846714,0.012300,5
pretrained,120,0.853106,0.009476,5
pretrained,121,0.853538,0.006523,5
pretrained,122,0.849626,0.012148,5
pretrained,123,0.849646,0.013118,5
pretrained,124,0.851726,0.023168,5
pretrained,125,0.848836,0.024541,5
pretrained,126,0.850799,0.028414,5
pretrained,127,0.854869,0.026818,5
pretrained,128,0.853978,0.020968,5
pretrained,129,0.848438,0.017472,5
pretrained,130,0.853260,0.017441,5
pretrained,131,0.854614,0.013007,5
pretrained,132,0.855356,0.010589,5
pretrained,133,0.852479,0.012142,5
pretrained,134,0.852711,0.011503,5
pretrained,135,0.852844,0.013441,5
pretrained,136,0.848498,0.015990,5
pretrained,137,0.850975,0.012674,5
pretrained,138,0.853636,0.013176,5
pretrained,139,0.852058,0.012796,5
pretrained,140,0.851826,0.008742,5
pretrained,141,0.849247,0.006154,5
pretrained,142,0.847474,0.006884,5
pretrained,143,0.851200,0.005861,5
pretrained,144,0.851608,0.003882,5
pretrained,145,0.856500,0.003695,5
pretrained,146,0.853593,0.004705,5
pretrained,147,0.850164,0.003277,5
pretrained,148,0.848409,0.005058,5
pretrained,149,0.846028,0.006881,5
pretrained,150,0.846403,0.005450,5
pretrained,151,0.851510,0.006083,5
pretrained,152,0.848407,0.006099,5
pretrained,153,0.848766,0.006450,5
pretrained,154,0.844618,0.008644,5
pretrained,155,0.841542,0.011893,5
pretrained,156,0.842551,0.008470,5
pretrained,157,0.842600,0.007043,5
pretrained,158,0.845999,0.008524,5
pretrained,159,0.845780,0.009406,5
pretrained,160,0.850820,0.007085,5
pretrained,161,0.854245,0.009632,5
pretrained,162,0.851305,0.008946,5
pretrained,163,0.854373,0.013796,5
pretrained,164,0.860078,0.009672,5
pretrained,165,0.861001,0.005564,5
pretrained,166,0.863198,0.007761,5
pretrained,167,0.864398,0.010641,5
pretrained,168,0.868959,0.007828,5
pretrained,169,0.864619,0.008137,5
pretrained,170,0.864705,0.008429,5
pretrained,171,0.868881,0.010490,5
pretrained,172,0.866481,0.014275,5
pretrained,173,0.865410,0.015597,5
pretrained,174,0.860612,0.013903,5
pretrained,175,0.864920,0.014174,5
pretrained,176,0.866432,0.014764,5
pretrained,177,0.863386,0.018246,5
pretrained,178,0.862321,0.017979,5
pretrained,179,0.862530,0.017105,5
pretrained,180,0.859142,0.018117,5
pretrained,181,0.864471,0.014008,5
pretrained,182,0.863060,0.014104,5
pretrained,183,0.868276,0.009636,5
pretrained,184,0.862865,0.006339,5
pretrained,185,0.860455,0.009389,5
pretrained,186,0.856851,0.004099,5
pretrained,187,0.859224,0.009501,5
pretrained,188,0.858015,0.007401,5
pretrained,189,0.856092,0.009727,5
pretrained,190,0.852138,0.005034,5
pretrained,191,0.852348,0.009845,5
pretrained,192,0.852249,0.007765,5
pretrained,193,0.853934,0.005570,5
pretrained,194,0.856366,0.010841,5
pretrained,195,0.858420,0.004881,5
pretrained,196,0.856562,0.006567,5
pretrained,197,0.855718,0.007746,5
pretrained,198,0.860012,0.004178,5
pretrained,199,0.861214,0.005095,5
scratch,0,0.001737,0.003182,5
scratch,1,0.010583,0.007101,5
scratch,2,0.018045,0.012474,5
scratch,3,0.030320,0.016230,5
scratch,4,0.036593,0.018973,5
scratch,5,0.046091,0.012963,5
scratch,6,0.060011,0.006256,5
scratch,7,0.067736,0.008217,5
scratch,8,0.077106,0.016985,5
scratch,9,0.084214,0.010090,5
scratch,10,0.085666,0.011618,5
scratch,11,0.099504,0.021608,5
scratch,12,0.103295,0.023628,5
scratch,13,0.114684,0.025449,5
scratch,14,0.120841,0.018931,5
scratch,15,0.126378,0.011947,5
scratch,16,0.132624,0.008772,5
scratch,17,0.147981,0.006975,5
scratch,18,0.160168,0.010046,5
scratch,19,0.174588,0.007410,5
scratch,20,0.178068,0.014107,5
scratch,21,0.184425,0.019162,5
scratch,22,0.196450,0.024734,5
scratch,23,0.197767,0.020086,5
scratch,24,0.204679,0.015772,5
scratch,25,0.208797,0.020490,5
scratch,26,0.213932,0.012248,5
scratch,27,0.216667,0.010621,5
scratch,28,0.221897,0.018405,5
scratch,29,0.237168,0.020834,5
scratch,30,0.248680,0.018637,5
scratch,31,0.255119,0.016861,5
scratch,32,0.262836,0.013751,5
scratch,33,0.269977,0.011728,5
scratch,34,0.276592,0.012365,5
scratch,35,0.280907,0.012238,5
scratch,36,0.287088,0.009360,5
scratch,37,0.298768,0.015000,5
scratch,38,0.297349,0.018797,5
scratch,39,0.297510,0.023607,5
scratch,40,0.297748,0.024781,5
scratch,41,0.307862,0.022974,5
scratch,42,0.317861,0.024281,5
scratch,43,0.330494,0.026945,5
scratch,44,0.340564,0.025568,5
scratch,45,0.352814,0.030100,5
scratch,46,0.354156,0.027903,5
scratch,47,0.355019,0.020246,5
scratch,48,0.364749,0.016838,5
scratch,49,0.373493,0.016788,5
scratch,50,0.377645,0.012836,5
scratch,51,0.379760,0.009535,5
scratch,52,0.383604,0.010143,5
scratch,53,0.384466,0.020190,5
scratch,54,0.380768,0.017790,5
scratch,55,0.382351,0.013059,5
scratch,56,0.391457,0.018537,5
scratch,57,0.394804,0.020876,5
scratch,58,0.398050,0.022263,5
scratch,59,0.402107,0.022263,5
scratch,60,0.404856,0.021206,5
scratch,61,0.402434,0.025408,5
scratch,62,0.406881,0.014599,5
scratch,63,0.416891,0.022512,5
scratch,64,0.418766,0.024318,5
scratch,65,0.418659,0.016095,5
scratch,66,0.430029,0.017662,5
scratch,67,0.432562,0.012791,5
scratch,68,0.437283,0.015076,5
scratch,69,0.443960,0.012805,5
scratch,70,0.453603,0.014481,5
scratch,71,0.455084,0.012999,5
scratch,72,0.454293,0.006400,5
scratch,73,0.462827,0.003414,5
scratch,74,0.468865,0.004868,5
scratch,75,0.463263,0.018406,5
scratch,76,0.469061,0.018324,5
scratch,77,0.472039,0.012019,5
scratch,78,0.474273,0.017532,5
scratch,79,0.476443,0.014554,5
scratch,80,0.479474,0.020790,5
scratch,81,0.486500,0.012624,5
scratch,82,0.485241,0.008639,5
scratch,83,0.491427,0.008166,5
scratch,84,0.497655,0.013737,5
scratch,85,0.496674,0.004950,5
scratch,86,0.501127,0.005783,5
scratch,87,0.503027,0.015826,5
scratch,88,0.504164,0.024867,5
scratch,89,0.506866,0.023349,5
scratch,90,0.509076,0.023154,5
scratch,91,0.511354,0.022540,5
scratch,92,0.513055,0.017901,5
scratch,93,0.516276,0.015303,5
scratch,94,0.518208,0.007098,5
scratch,95,0.517699,0.013830,5
scratch,96,0.517924,0.019305,5
scratch,97,0.523032,0.019042,5
scratch,98,0.529421,0.020494,5
scratch,99,0.533263,0.018979,5
scratch,100,0.542457,0.017792,5
scratch,101,0.548530,0.019285,5
scratch,102,0.546881,0.015881,5
scratch,103,0.551725,0.010912,5
scratch,104,0.556569,0.016339,5
scratch,105,0.565851,0.018839,5
scratch,106,0.567465,0.026738,5
scratch,107,0.569725,0.026318,5
scratch,108,0.567300,0.019016,5
scratch,109,0.564687,0.018645,5
scratch,110,0.564505,0.012056,5
scratch,111,0.570257,0.014670,5
scratch,112,0.569481,0.008511,5
scratch,113,0.575441,0.010692,5
scratch,114,0.576054,0.009047,5
scratch,115,0.574807,0.016252,5
scratch,116,0.578441,0.023588,5
scratch,117,0.579904,0.022798,5
scratch,118,0.580195,0.024558,5
scratch,119,0.584793,0.018451,5
scratch,120,0.595421,0.014214,5
scratch,121,0.597108,0.009784,5
scratch,122,0.592278,0.018223,5
scratch,123,0.593346,0.019677,5
scratch,124,0.597502,0.034752,5
scratch,125,0.594203,0.036812,5
scratch,126,0.598180,0.042621,5
scratch,127,0.605316,0.040228,5
scratch,128,0.605007,0.031452,5
scratch,129,0.597721,0.026209,5
scratch,130,0.605977,0.026161,5
scratch,131,0.609023,0.019510,5
scratch,132,0.611150,0.015884,5
scratch,133,0.607843,0.018214,5
scratch,134,0.609195,0.017255,5
scratch,135,0.610394,0.020161,5
scratch,136,0.604869,0.023986,5
scratch,137,0.609574,0.019012,5
scratch,138,0.614548,0.019764,5
scratch,139,0.613158,0.019194,5
scratch,140,0.613781,0.013113,5
scratch,141,0.610878,0.009230,5
scratch,142,0.609178,0.010326,5
scratch,143,0.615720,0.008791,5
scratch,144,0.617277,0.005822,5
scratch,145,0.625555,0.005543,5
scratch,146,0.622126,0.007058,5
scratch,147,0.617908,0.004915,5
scratch,148,0.616194,0.007588,5
scratch,149,0.613533,0.010322,5
scratch,150,0.615000,0.008175,5
scratch,151,0.623557,0.009124,5
scratch,152,0.619791,0.009149,5
scratch,153,0.621211,0.009676,5
scratch,154,0.615864,0.012966,5
scratch,155,0.612116,0.017840,5
scratch,156,0.614489,0.012705,5
scratch,157,0.615413,0.010565,5
scratch,158,0.621354,0.012786,5
scratch,159,0.621862,0.014109,5
scratch,160,0.630250,0.010628,5
scratch,161,0.636208,0.014448,5
scratch,162,0.632611,0.013419,5
scratch,163,0.638017,0.020695,5
scratch,164,0.647370,0.014509,5
scratch,165,0.649543,0.008347,5
scratch,166,0.653620,0.011642,5
scratch,167,0.656192,0.015961,5
scratch,168,0.663799,0.011742,5
scratch,169,0.658046,0.012206,5
scratch,170,0.658925,0.012643,5
scratch,171,0.665930,0.015735,5
scratch,172,0.663064,0.021412,5
scratch,173,0.662183,0.023396,5
scratch,174,0.655705,0.020855,5
scratch,175,0.662877,0.021262,5
scratch,176,0.665848,0.022147,5
scratch,177,0.661975,0.027369,5
scratch,178,0.661064,0.026969,5
scratch,179,0.662058,0.025657,5
scratch,180,0.657649,0.027175,5
scratch,181,0.666306,0.021012,5
scratch,182,0.664848,0.021156,5
scratch,183,0.673321,0.014453,5
scratch,184,0.665847,0.009508,5
scratch,185,0.662867,0.014083,5
scratch,186,0.658090,0.006149,5
scratch,187,0.662269,0.014251,5
scratch,188,0.661069,0.011101,5
scratch,189,0.658791,0.014590,5
scratch,190,0.653458,0.007551,5
scratch,191,0.654366,0.014767,5
scratch,192,0.654803,0.011648,5
scratch,193,0.657909,0.008355,5
scratch,194,0.662127,0.016261,5
scratch,195,0.665773,0.007322,5
scratch,196,0.663544,0.009851,5
scratch,197,0.662829,0.011619,5
scratch,198,0.669813,0.006267,5
scratch,199,0.672154,0.007642,5
